,Country,Market or Index,Suffix,Delay,Data Provider,exchCode,currency
,United States of America,Cboe Indices,N/A,15 min,ICE Data Services,,USD
,United States of America,Chicago Board of Trade (CBOT)***,.CBT,10 min,ICE Data Services,,USD
,United States of America,Chicago Mercantile Exchange (CME)***,.CME,10 min,ICE Data Services,,USD
,United States of America,Dow Jones Indexes,N/A,Real-time,ICE Data Services,,USD
,United States of America,Nasdaq Stock Exchange,N/A,Real-time,ICE Data Services,US,USD
,United States of America,NYSE,N/A,Real-time,ICE Data Services,US,USD
,United States of America,ICE Futures US,.NYB,30 min,ICE Data Services,,USD
,United States of America,New York Commodities Exchange (COMEX)***,.CMX,30 min,ICE Data Services,,USD
,United States of America,New York Mercantile Exchange (NYMEX)***,.NYM,30 min,ICE Data Services,,USD
,United States of America,Options Price Reporting Authority (OPRA),N/A,15 min,ICE Data Services,,USD
,United States of America,OTC Markets Group**,N/A,15 min,ICE Data Services,,USD
,United States of America,S & P Indices,N/A,Real-time,ICE Data Services,,USD
,Argentina,Buenos Aires Stock Exchange (BYMA),.BA,30 min,ICE Data Services,AF,
,Austria,Vienna Stock Exchange,.VI,15 min,ICE Data Services,AV,
,Australia,Australian Stock Exchange (ASX),.AX,20 min,ICE Data Services,AT,AUD
,Australia,Cboe Australia,.XA,Real-time,ICE Data Services,,
,Belgium,Euronext Brussels,.BR,15 min,ICE Data Services,BB,
,Brazil,Sao Paolo Stock Exchange (BOVESPA),.SA,15 min,ICE Data Services,BN,BRL
,Canada,Canadian Securities Exchange,.CN,Real-time,ICE Data Services,TX,CAD
,Canada,Cboe Canada,.NE,Real-time,ICE Data Services,,
,Canada,Toronto Stock Exchange (TSX),.TO,Real-time,ICE Data Services,CT,CAD
,Canada,TSX Venture Exchange (TSXV),.V,Real-time,ICE Data Services,CV,
,Chile,Santiago Stock Exchange,.SN,15 min,ICE Data Services,CC,
,China,Shanghai Stock Exchange,.SS,30 min,ICE Data Services,CG,
,China,Shenzhen Stock Exchange,.SZ,30 min,ICE Data Services,CS,
,Czech Republic,Prague Stock Exchange Index,.PR,20 min,ICE Data Services,CK,
,Denmark,Nasdaq OMX Copenhagen,.CO,Real-time,ICE Data Services,DC,EUR
,Egypt,Egyptian Exchange Index (EGID),.CA,20 min,ICE Data Services,EC,
,Estonia,Nasdaq OMX Tallinn,.TL,Real-time,ICE Data Services,ET,
,Europe,Cboe Europe,.XD,Real-time,ICE Data Services,,
,Europe,Euronext,.NX,15 min,ICE Data Services,XM,EUR
,Finland,Nasdaq OMX Helsinki,.HE,Real-time,ICE Data Services,FH,
,France,Euronext Paris,.PA,15 min,ICE Data Services,FP,
,Germany,Berlin Stock Exchange,.BE,15 min,ICE Data Services,GB,EUR
,Germany,Bremen Stock Exchange,.BM,15 min,ICE Data Services,,
,Germany,Dusseldorf Stock Exchange,.DU,15 min,ICE Data Services,GD,EUR
,Germany,Frankfurt Stock Exchange,.F,15 min,ICE Data Services,,
,Germany,Hamburg Stock Exchange,.HM,15 min,ICE Data Services,GH,EUR
,Germany,Hanover Stock Exchange,.HA,15 min,ICE Data Services,,
,Germany,Munich Stock Exchange,.MU,15 min,ICE Data Services,GM,EUR
,Germany,Stuttgart Stock Exchange,.SG,15 min,ICE Data Services,GS,EUR
,Germany,Deutsche Boerse XETRA,.DE,15 min,ICE Data Services,GF,EUR
,Global,Collectable Indices,.REGA,Real-time,Pricing Culture,,
,Global,Cryptocurrencies,N/A,Real-time,CoinMarketCap,,
,Global,Currency Rates,,Real-time,ICE Data Services,,
,Global,MSCI Indices,N/A,Real-time,ICE Data Services,,
,Greece,Athens Stock Exchange (ATHEX),.AT,15 min,ICE Data Services,GA,EUR
,Hong Kong,Hang Seng Indices,N/A,15 min,ICE Data Services,,
,Hong Kong,Hong Kong Stock Exchange (HKEX)*,.HK,15 min,ICE Data Services,HK,
,Hungary,Budapest Stock Exchange,.BD,15 min,ICE Data Services,HB,EUR
,Iceland,Nasdaq OMX Iceland,.IC,Real-time,ICE Data Services,RF,EUR
,India,Bombay Stock Exchange,.BO,15 min,ICE Data Services,IB,IND
,India,National Stock Exchange of India,.NS,Real-time,ICE Data Services,IB,IND
,Indonesia,Indonesia Stock Exchange (IDX),.JK,10 min,ICE Data Services,IJ,MYR
,Ireland,Euronext Dublin,.IR,15 min,ICE Data Services,ID,EUR
,Israel,Tel Aviv Stock Exchange,.TA,20 min,ICE Data Services,IT,ILS
,Italy,EuroTLX,.TI,20 min,ICE Data Services,TE,EUR
,Italy,Italian Stock Exchange,.MI,20 min,ICE Data Services,IM,EUR
,Italy,Italian Stock Exchange,N/A,20 min,ICE Data Services,MIL,EUR
,Japan,Nikkei Indices,N/A,30 min,ICE Data Services,,
,Japan,Tokyo Stock Exchange,.T,20 min,ICE Data Services,,
,Kuwait,Boursa Kuwait,.KW,15 min,ICE Data Services,KK,KWD
,Latvia,Nasdaq OMX Riga,.RG,Real-time,ICE Data Services,,
,Lithuania,Nasdaq OMX Vilnius,.VS,Real-time,ICE Data Services,,
,Malaysia,Malaysian Stock Exchange,.KL,15 min,ICE Data Services,MK,MYR
,Mexico,Mexico Stock Exchange (BMV),.MX,20 min,ICE Data Services,,
,Netherlands,Euronext Amsterdam,.AS,15 min,ICE Data Services,,
,New Zealand,New Zealand Stock Exchange (NZX),.NZ,20 min,ICE Data Services,,
,Norway,Oslo Stock Exchange,.OL,15 min,ICE Data Services,NO,NOK
,Philippines,Philippine Stock Exchange Indices,.PS,15 min,ICE Data Services,,
,Poland,Warsaw Stock Exchange,.WA,15 min,ICE Data Services,,
,Portugal,Euronext Lisbon,.LS,15 min,ICE Data Services,,
,Qatar,Qatar Stock Exchange,.QA,15 min,ICE Data Services,,
,Romania,Bucharest Stock Exchange,.RO,15 min,ICE Data Services,,
,Singapore,Singapore Stock Exchange (SGX),.SI,20 min,ICE Data Services,SP,SGD
,South Africa,Johannesburg Stock Exchange,.JO,15 min,ICE Data Services,,
,South Korea,Korea Stock Exchange,.KS,20 min,ICE Data Services,KP,KRW
,South Korea,KOSDAQ,.KQ,20 min,ICE Data Services,KQ,
,Spain,Madrid SE C.A.T.S.,.MC,15 min,ICE Data Services,,
,Saudi Arabia,Saudi Stock Exchange (Tadawul),.SAU,15 min,ICE Data Services,,
,Sweden,Nasdaq OMX Stockholm,.ST,Real-time,ICE Data Services,,
,Switzerland,Swiss Exchange (SIX),.SW,30 min,ICE Data Services,,
,Taiwan,Taiwan OTC Exchange,.TWO,20 min,ICE Data Services,,
,Taiwan,Taiwan Stock Exchange (TWSE),.TW,20 min,ICE Data Services,,
,Thailand,Stock Exchange of Thailand (SET),.BK,15 min,ICE Data Services,,
,Turkey,Borsa İstanbul,.IS,15 min,ICE Data Services,,
,United Arab Emirates,Dubai Financial Market,.AE,15 min,ICE Data Services,DB,AED
,United Kingdom,Cboe UK,.XC,Real-time,ICE Data Services,,
,United Kingdom,FTSE Indices,N/A,15 min,ICE Data Services,,
,United Kingdom,London Stock Exchange,.L,20 min,ICE Data Services,LI,GBP
,United Kingdom,London Stock Exchange,.IL,20 min,ICE Data Services,LN,GBP
,Venezuela,Caracas Stock Exchange,.CR,15 min,ICE Data Services,,